{"cameraMode":{"drawMode":0,"name":"Shaded","section":"Shading Mode"},"sceneLighting":true,"audioPlay":false,"sceneViewState":{"showFog":true,"showMaterialUpdate":false,"showSkybox":true,"showFlares":true,"showImageEffects":true,"showParticleSystems":true},"in2DMode":false,"pivot":{"x":128.22171020507813,"y":1.5857380628585816,"z":1.5235393047332764},"rotation":{"x":0.10242527723312378,"y":0.891303300857544,"z":-0.2512910068035126,"w":0.3632360100746155},"size":99.41327667236328,"orthographic":false}