{"cameraMode":{"drawMode":0,"name":"Shaded","section":"Shading Mode"},"sceneLighting":false,"audioPlay":false,"sceneViewState":{"showFog":true,"showMaterialUpdate":false,"showSkybox":true,"showFlares":true,"showImageEffects":true,"showParticleSystems":true},"in2DMode":false,"pivot":{"x":-0.005860090255737305,"y":0.5414105653762817,"z":-2.9253578186035158},"rotation":{"x":-0.20740817487239839,"y":-0.6249825954437256,"z":0.17721536755561829,"w":-0.7314187288284302},"size":2.59702730178833,"orthographic":false}